<?xml version='1.0' encoding='utf-8' standalone='yes' ?>
<map>
    <string name="prev_event_name">number_verified</string>
    <long name="prev_event_timestamp" value="1758588949500" />
    <int name="appsFlyerInAppEventCount" value="2" />
    <string name="afUninstallToken">cXp2Nf8CTluIqTtD--uwHp:APA91bHnVD9tydttO2EZHkcw1Jh9symqi0nXJ7UJ2N5kCjJXxnKlSo2QNxrWzg7y4Dg0PhXSLQ2VncPkvQjN7UIjefabEqjm8NTvi9npp0kP8sWRudjYcRM</string>
    <long name="prev_session_dur" value="4" />
    <boolean name="ddl_sent" value="true" />
    <long name="af_rc_max_age" value="86400" />
    <string name="sentSuccessfully">true</string>
    <int name="versionCode" value="20252202" />
    <string name="af_remote_config">eyJmZWF0dXJlcyI6e30sInZlciI6ImRlZmF1bHQudjEuMTYzNzE0OTUyOSJ9</string>
    <boolean name="sentRegisterRequestToAF" value="true" />
    <string name="savedProperties">{&quot;uid&quot;:&quot;1758588877907-7633260948897655123&quot;,&quot;waitForCustomerId&quot;:&quot;false&quot;,&quot;logLevel&quot;:&quot;0&quot;,&quot;AppUserId&quot;:&quot;1afb7c0f13bc96d5&quot;}</string>
    <string name="AF_INSTALLATION">1758588877907-7633260948897655123</string>
    <boolean name="afUninstallToken_queued" value="false" />
    <int name="appsFlyerCount" value="6" />
    <long name="af_rc_timestamp" value="1758588878268" />
    <long name="AppsFlyerTimePassedSincePrevLaunch" value="1758589106577" />
    <boolean name="newGPReferrerSent" value="true" />
    <string name="appsFlyerFirstInstall">2025-09-23_062438+0530</string>
    <long name="afUninstallToken_received_time" value="1758588881426" />
    <string name="attributionId">{&quot;install_time&quot;:&quot;2025-09-23 00:54:40.952&quot;,&quot;af_message&quot;:&quot;organic install&quot;,&quot;af_status&quot;:&quot;Organic&quot;,&quot;is_first_launch&quot;:false}</string>
</map>
