<?xml version='1.0' encoding='utf-8' standalone='yes' ?>
<map>
    <set name="fire-cls/18.4.1 fire-analytics/21.3.0 device-name/a23nnxx fire-analytics-ktx/21.3.0 fire-fcm/23.2.1 kotlin/2.0.0 fire-abt/21.1.1 fire-sessions/1.0.2 device-brand/samsung fire-core/20.3.3 fire-cls-ndk/18.4.1 fire-perf-ktx/unspecified android-installer/com.google.android.packageinstaller device-model/a23 android-platform/ android-min-sdk/21 fire-fst-ktx/unspecified fire-transport/18.1.8 android-target-sdk/35 fire-perf/20.4.1 fire-core-ktx/unspecified fire-fst/24.7.1 fire-android/33 fire-db-ktx/unspecified fire-fcm-ktx/unspecified fire-installations/17.1.4 fire-rtdb/20.2.2 fire-rc/21.4.1">
        <string>2025-09-23</string>
    </set>
    <long name="fire-count" value="1" />
    <string name="last-used-date">2025-09-23</string>
    <long name="fire-global" value="1758588876925" />
</map>
