{"Fid":"cXp2Nf8CTluIqTtD--uwHp","Status":3,"AuthToken":"eyJhbGciOiJFUzI1NiIsInR5cCI6IkpXVCJ9.eyJhcHBJZCI6IjE6NDEyODI2MTM4NzM1OmFuZHJvaWQ6OGEzMmY3OTFlNDE1NjM0ZjJmZjU5YSIsImV4cCI6MTc1OTE5MzY3OCwiZmlkIjoiY1hwMk5mOENUbHVJcVR0RC0tdXdIcCIsInByb2plY3ROdW1iZXIiOjQxMjgyNjEzODczNX0.AB2LPV8wRAIgHrVQzfe4hQx0oUbuWm_nm9sNFDwRcsaUZ1rhVWh4wy4CIATpZ6MWORBg6TgqpuajHnvZM93SThiTtDuf44vsUIzv","RefreshToken":"3_AS3qfwKPrfzpbAN8q9hSIPGMWwnSPNOgDpvtSHIw4PA7tSH36U1HbouIQ00YZ372NbBFKWEdE3dF_RmgAPiH4i3vlwU_gmRd7UncCCB5Y8wjwMQ","TokenCreationEpochInSecs":1758588878,"ExpiresInSecs":604800}